{"cameraMode":{"drawMode":0,"name":"Shaded","section":"Shading Mode"},"sceneLighting":true,"audioPlay":false,"sceneViewState":{"showFog":true,"showMaterialUpdate":false,"showSkybox":true,"showFlares":true,"showImageEffects":true,"showParticleSystems":true},"in2DMode":false,"pivot":{"x":-7.69749641418457,"y":1.0787204504013062,"z":-6.543062686920166},"rotation":{"x":0.10822378098964691,"y":0.8729488253593445,"z":-0.22559723258018495,"w":0.4187755286693573},"size":17.305072784423829,"orthographic":true}